time,error_l2,transported_defect_l2,transported_feedback_l2
0.0,0.0,0.0,0.0
0.015625,0.002817664133541736,0.002817664133541736,0.0
0.03125,0.005553807708271975,0.005542771802890774,0.0001527962281065705
0.046875,0.00837507391698082,0.008375092735937726,0.0003291005462146267
0.0625,0.011151775957805012,0.011120817731359084,0.0005914157711845984
0.078125,0.01381592095966624,0.013802790693295548,0.0008815506155134562
0.09375,0.01654523436659242,0.016534942101861697,0.0013215295003361676
0.109375,0.01951744816082738,0.01938969792099104,0.0017437242940175526
0.125,0.022418145236262944,0.022174366836868804,0.0023590279834218714
0.140625,0.025175845847634094,0.02496544689772015,0.002996730948850535
0.15625,0.0280144099887558,0.027652698757929778,0.003725592162014349
0.171875,0.030751663056779923,0.03033510374265905,0.004509753809095832
0.1875,0.033537479227245086,0.03305780799409221,0.005384916157052573
0.203125,0.036720878777755726,0.03595655691132605,0.00629347526149942
0.21875,0.039640590511426176,0.03869481681861755,0.007328681159055666
0.234375,0.042528265304004664,0.0414665002577438,0.008356412737498355
0.25,0.0453519355167521,0.04410854503750188,0.009447935485694598
