case,family,gamma,N,K,steps,tau,max_error_l2,normalized_max_error,reference_difference_max,reference_quality_fraction,reference_quality_pass,peak_time,peak_phase_fraction,peak_lowest_mode_fraction,final_defect_coherence,reconstruction_error
mixed_g0.1_N8,mixed,0.1,8,32,16,0.015625,0.017606875032363266,0.026687032171031303,5.002034959562185e-07,2.8409555644416883e-05,True,0.25,0.995857836921379,0.7413172354043197,0.8379545785526228,2.9015262126936936e-16
mixed_g0.1_N8,mixed,0.1,8,32,32,0.0078125,0.006556205173472178,0.010650586726311851,5.002034959562185e-07,7.629466783317732e-05,True,0.25,0.9942529187372969,0.4372751197508545,0.7381595062604306,4.3629947729599964e-16
mixed_g0.1_N8,mixed,0.1,8,32,64,0.00390625,0.0034045782426469166,0.005927715013844004,5.002034959562185e-07,0.00014692084020584333,True,0.25,0.9966876211055429,0.10951897861221183,0.7824074284575011,9.920583642193479e-16
mixed_g0.1_N8,mixed,0.1,8,32,128,0.001953125,0.001742480235715182,0.0032515830940461955,5.002034959562185e-07,0.00028706408583791795,True,0.25,0.9970530727587827,0.026530236211947795,0.7759616271119889,8.461141150505842e-16
mixed_g0.1_N8,mixed,0.1,8,32,256,0.0009765625,0.0005996330451940127,0.0011992660903880255,5.002034959562185e-07,0.0008341826721613991,True,0.25,0.9975616844684394,0.014153575252549618,0.6868982694213928,2.759049406652041e-15
mixed_g0.1_N8,mixed,0.1,8,32,512,0.00048828125,0.00016485799721179358,0.00035338085299696514,5.002034959562185e-07,0.003034147596210365,True,0.25,0.9978416275083489,0.011761487397973489,0.5714215965169218,1.8578629608143684e-15
mixed_g0.5_N8,mixed,0.5,8,32,16,0.015625,0.003401537562728574,0.02721230050182859,1.0354784797596438e-07,3.044148302537119e-05,True,0.25,0.9981470606587324,0.7604148745770382,0.8894756508596223,2.7344748504633724e-16
mixed_g0.5_N8,mixed,0.5,8,32,32,0.0078125,0.0013247450477147443,0.014987779305318274,1.0354784797596438e-07,7.816435936453579e-05,True,0.25,0.9970339200619238,0.4073157446887786,0.8138912806624198,3.992484733003782e-16
mixed_g0.5_N8,mixed,0.5,8,32,64,0.00390625,0.0007535326725737342,0.012056522761179748,1.0354784797596438e-07,0.00013741653380773888,True,0.25,0.9968583369829027,0.08458957373059375,0.8406206713188544,3.0760657831590617e-16
mixed_g0.5_N8,mixed,0.5,8,32,128,0.001953125,0.0003770551448165466,0.008531783992993786,1.0354784797596438e-07,0.0002746225569375133,True,0.25,0.9975038539794046,0.02142087308839998,0.840402978684166,6.158186374426095e-16
mixed_g0.5_N8,mixed,0.5,8,32,256,0.0009765625,0.00012599373292620063,0.00403179945363842,1.0354784797596438e-07,0.0008218491949644538,True,0.25,0.9978779464690553,0.012074841535222756,0.7604454818332509,7.123823647919248e-16
mixed_g0.5_N8,mixed,0.5,8,32,512,0.00048828125,3.427188368692086e-05,0.0015509684069797346,1.0354784797596438e-07,0.0030213643615825308,True,0.25,0.998036074607121,0.01023022552469003,0.6494662949429463,7.206059415882267e-16
mixed_g1_N8,mixed,1.0,8,32,16,0.015625,0.00024102414250761902,0.015425545120487617,7.932332988443216e-09,3.291094786569967e-05,True,0.25,0.9982919268796948,0.7325065623109045,0.9096958209750913,2.1697016318082617e-17
mixed_g1_N8,mixed,1.0,8,32,32,0.0078125,0.0001023333046070576,0.013098662989703374,7.932332988443216e-09,7.751467636955553e-05,True,0.25,0.9974175511508666,0.3249565367489405,0.843280043068424,7.69862577863564e-17
mixed_g1_N8,mixed,1.0,8,32,64,0.00390625,6.323433173421949e-05,0.01618798892396019,7.932332988443216e-09,0.00012544345406833175,True,0.25,0.9968561046319513,0.056829720924518094,0.8671325710610578,6.378274770327446e-17
mixed_g1_N8,mixed,1.0,8,32,128,0.001953125,3.0341227643386576e-05,0.015534708553413927,7.932332988443216e-09,0.00026143744352322585,True,0.25,0.9976905438188709,0.01564851583438498,0.8730196175644863,1.0758584531761163e-16
mixed_g1_N8,mixed,1.0,8,32,256,0.0009765625,9.801539997497086e-06,0.010036776957437016,7.932332988443216e-09,0.0008092945588620576,True,0.25,0.9980184903967528,0.009416573591771912,0.7921568897649905,1.7542231526600133e-16
mixed_g1_N8,mixed,1.0,8,32,512,0.00048828125,2.636443807061387e-06,0.005399436916861721,7.932332988443216e-09,0.0030087244671012704,True,0.25,0.9981203435300785,0.008143975405979645,0.6888990876700654,1.6095792988539908e-16
power_g0.1_N8,power,0.1,8,32,16,0.015625,0.011763927182154939,0.01783077931721423,2.0615670339673755e-07,1.7524479725568427e-05,True,0.25,0.9905873241988433,0.26468085202589153,0.7032594542392787,9.420023902464655e-16
power_g0.1_N8,power,0.1,8,32,32,0.0078125,0.005061871411996234,0.008223034368882125,2.0615670339673755e-07,4.0727368717459415e-05,True,0.25,0.9742522865893354,0.11624323383652796,0.6127449375246539,6.761882862342314e-16
power_g0.1_N8,power,0.1,8,32,64,0.00390625,0.002076568731548655,0.0036155161579456,2.0615670339673755e-07,9.927757278854471e-05,True,0.25,0.9941883936805014,0.04550269168646859,0.5403733083869002,9.087351400927199e-16
power_g0.1_N8,power,0.1,8,32,128,0.001953125,0.0008136915434335243,0.0015184021099159664,2.0615670339673755e-07,0.0002533597713536761,True,0.25,0.9963878546870587,0.01938897985032307,0.5081818956861345,1.699262973489898e-15
power_g0.1_N8,power,0.1,8,32,256,0.0009765625,0.0002551769624086774,0.0005103539248173548,2.0615670339673755e-07,0.0008078970039096566,True,0.25,0.9967555492125213,0.012583213737645248,0.45369721704205246,2.3295533563775905e-15
power_g0.1_N8,power,0.1,8,32,512,0.00048828125,6.852055231222945e-05,0.00014687701921315473,2.0615670339673755e-07,0.0030086842040813935,True,0.25,0.9969930892463392,0.010988780292450923,0.4076100075505385,3.923417845826268e-15
power_g0.5_N8,power,0.5,8,32,16,0.015625,0.002103546579966442,0.016828372639731536,2.176089733210871e-08,1.0344861168919711e-05,True,0.25,0.9737684865896319,0.3214094217672594,0.5479804624643431,4.209395880993778e-16
power_g0.5_N8,power,0.5,8,32,32,0.0078125,0.0008060045980414598,0.009118901071082458,2.176089733210871e-08,2.6998477905692245e-05,True,0.25,0.9384908199093099,0.1770597384518686,0.45922678614298434,4.77293802041678e-16
power_g0.5_N8,power,0.5,8,32,64,0.00390625,0.00027899909577135617,0.004463985532341699,2.176089733210871e-08,7.799630056845088e-05,True,0.25,0.9885805469280979,0.09757748225819483,0.38772723982138757,1.0273785871254189e-15
power_g0.5_N8,power,0.5,8,32,128,0.001953125,9.486598918741383e-05,0.0021465722962684805,2.176089733210871e-08,0.00022938565779479373,True,0.25,0.9933715212052914,0.05429459464524133,0.37200419874765295,1.0511986473727988e-15
power_g0.5_N8,power,0.5,8,32,256,0.0009765625,2.77275225218272e-05,0.0008872807206984704,2.176089733210871e-08,0.0007848121776829667,True,0.25,0.9945080601283657,0.0402260027407308,0.35102124674316804,2.334309421114353e-15
power_g0.5_N8,power,0.5,8,32,512,0.00048828125,7.284446537166596e-06,0.00032965641879176727,2.176089733210871e-08,0.002987309635822101,True,0.25,0.9949227561055086,0.036579080626203506,0.3335649070355238,1.8470997625513643e-15
power_g1_N8,power,1.0,8,32,16,0.015625,0.0003276455409393566,0.020969314620118824,1.83174939833589e-09,5.590643452934785e-06,True,0.25,0.9004085794307829,0.2817888791455328,0.38454462868396555,3.674660194956165e-16
power_g1_N8,power,1.0,8,32,32,0.0078125,0.00010846929082847988,0.013884069226045424,1.83174939833589e-09,1.688726260073365e-05,True,0.25,0.8647868741803724,0.19759127486177228,0.31867059543128573,3.4715220141659616e-16
power_g1_N8,power,1.0,8,32,64,0.00390625,3.077073157405486e-05,0.007877307282958044,1.83174939833589e-09,5.9528951852427746e-05,True,0.25,0.9485232462555355,0.16120973206892095,0.2559566648160306,7.035885712279172e-16
power_g1_N8,power,1.0,8,32,128,0.001953125,8.956390731145639e-06,0.004585672054346567,1.83174939833589e-09,0.00020451870103947392,True,0.25,0.9611554816901391,0.12124951809824842,0.24559433641236772,6.934512615888137e-16
power_g1_N8,power,1.0,8,32,256,0.0009765625,2.4142569060142307e-06,0.002472199071758572,1.83174939833589e-09,0.0007587218219290425,True,0.25,0.9660183135352601,0.10508355113412528,0.24067652558191918,1.237426089798284e-15
power_g1_N8,power,1.0,8,32,512,0.00048828125,6.18304485409012e-07,0.0012662875861176566,1.83174939833589e-09,0.0029625361639163544,True,0.25,0.967534203493348,0.10032510313741608,0.23747050433289907,1.4558163325468488e-15
mixed_g0.1_N16,mixed,0.1,16,64,16,0.015625,0.0453519355167521,0.06874067998605247,1.2274576518501265e-05,0.0002706516575013051,True,0.25,0.9982535784435752,0.906790445632056,0.9944801658542839,5.085557233440638e-16
mixed_g0.1_N16,mixed,0.1,16,64,32,0.0078125,0.031229126852027726,0.05073186624334476,1.2274576518501265e-05,0.0003930489820180249,True,0.25,0.9979342195765913,0.88819467909566,0.9721661318771473,3.950030520983849e-16
mixed_g0.1_N16,mixed,0.1,16,64,64,0.00390625,0.012797755067044283,0.022282185765082455,1.2274576518501265e-05,0.0009591195060538185,True,0.25,0.9987902352108543,0.8068538524272739,0.8956625362997737,8.978711690856385e-16
mixed_g0.1_N16,mixed,0.1,16,64,128,0.001953125,0.004362763889245405,0.008141205285902795,1.2274576518501265e-05,0.0028134863197064527,True,0.25,0.9992133866639977,0.5578335106072495,0.7988072363056424,1.1197603933029762e-15
mixed_g0.1_N16,mixed,0.1,16,64,256,0.0009765625,0.0021088834218816657,0.004217766843763331,1.2274576518501265e-05,0.0058204149130013025,True,0.25,0.9995205733702451,0.15926471764237402,0.792844094226901,1.4764447490119745e-15
mixed_g0.1_N16,mixed,0.1,16,64,512,0.00048828125,0.0014115354938862247,0.0030256925675506315,1.2274576518501265e-05,0.008695903554438458,True,0.25,0.9996471357854134,0.022551815921099876,0.8367649739320163,2.496734542255361e-15
mixed_g1_N16,mixed,1.0,16,64,16,0.015625,0.00011544894950546688,0.0073887327683498805,3.2567478787869334e-08,0.00028209419771573716,True,0.25,0.9999543154163485,0.9676596047180571,0.9938155207582708,4.6365019224860465e-18
mixed_g1_N16,mixed,1.0,16,64,32,0.0078125,7.05302395385028e-05,0.00902787066092836,3.2567478787869334e-08,0.000461751994619139,True,0.25,0.9998126596740866,0.9498035422183029,0.9708907922542067,1.2773254174501757e-17
mixed_g1_N16,mixed,1.0,16,64,64,0.00390625,2.7288823862656668e-05,0.006985938908840107,3.2567478787869334e-08,0.0011934365127562801,True,0.25,0.9997336285192858,0.834699835293311,0.9038675317135554,3.0652535514745166e-17
mixed_g1_N16,mixed,1.0,16,64,128,0.001953125,1.0826442520184153e-05,0.005543138570334286,3.2567478787869334e-08,0.003008142215427878,True,0.25,0.9997361614087861,0.41200204945793084,0.8169715262414641,2.3912226074222648e-17
mixed_g1_N16,mixed,1.0,16,64,256,0.0009765625,6.890046452189028e-06,0.007055407567041564,3.2567478787869334e-08,0.004726742992788149,True,0.25,0.9995942363932827,0.06727362954833968,0.8140654144440621,4.246473439439877e-17
mixed_g1_N16,mixed,1.0,16,64,512,0.00048828125,4.622841941927148e-06,0.0094675802970668,3.2567478787869334e-08,0.007044904237909713,True,0.25,0.9996679295488278,0.009459325717558337,0.8511610438956762,4.639698184872488e-17
