gamma,N,tau,phase,normalized_remainder,normalized_resonant_remainder,absolute_envelope_ratio
0.1,4,0.015625,even,0.0043385048771046476,0.002621013612920186,0.8326886201134927
0.1,4,0.015625,odd,0.005143843813524808,0.002621013612920186,0.9872572069163504
0.1,4,0.015625,half_airy,0.005210229390432572,0.002621013612920188,0.9999985811908105
0.1,4,0.015625,random,0.0032614372608648274,0.0026210136129201853,0.6259671866840585
0.1,8,0.001953125,even,0.002336585300038418,0.0008044160290102837,0.7738687687203972
0.1,8,0.001953125,odd,0.002983667476372244,0.0008044160290102837,0.9881800917660994
0.1,8,0.001953125,half_airy,0.0030192416701474434,0.0008044160290102837,0.9999621386421893
0.1,8,0.001953125,random,0.0016669529883232327,0.0008044160290102837,0.5520889207713824
0.1,16,0.000244140625,even,0.0014978717431067582,0.00027582409384041675,0.7515485566106577
0.1,16,0.000244140625,odd,0.0019718358932547964,0.00027582409384041675,0.9893573507001574
0.1,16,0.000244140625,half_airy,0.0019929806144818917,0.00027582409384041675,0.999966593308071
0.1,16,0.000244140625,random,0.0004138065523890025,0.0002758240938404167,0.2076250644257074
0.1,32,3.0517578125e-05,even,0.0010733065168483545,0.00010223191865319336,0.7433325660632198
0.1,32,3.0517578125e-05,odd,0.0014295728927317612,0.00010223191865319336,0.9900695374971433
0.1,32,3.0517578125e-05,half_airy,0.0014438740465042774,0.00010223191865319336,0.9999739899201143
0.1,32,3.0517578125e-05,random,0.00012342299360110684,0.00010223191865319332,0.08547821997215874
0.5,4,0.015625,even,0.005721103241554409,0.0033922302724906134,0.7559814390627007
0.5,4,0.015625,odd,0.0074574724093032,0.0033922302724906134,0.9854236998917829
0.5,4,0.015625,half_airy,0.007567778871468336,0.003392230272490614,0.9999994966366881
0.5,4,0.015625,random,0.004291867324114437,0.0033922302724906104,0.5671234898163936
0.5,8,0.001953125,even,0.0034892359133893067,0.0011758447216112468,0.6571184189203798
0.5,8,0.001953125,odd,0.005242960160380345,0.0011758447216112468,0.9873925915502506
0.5,8,0.001953125,half_airy,0.005309819867840916,0.0011758447216112474,0.9999841005070903
0.5,8,0.001953125,random,0.0024440355107232083,0.0011758447216112466,0.46027863705887184
0.5,16,0.000244140625,even,0.0024010383945253467,0.00043349348338111575,0.6108848411876066
0.5,16,0.000244140625,odd,0.0038870823707923396,0.00043349348338111575,0.9889719806975608
0.5,16,0.000244140625,half_airy,0.003930378664396433,0.0004334934833811159,0.9999876518766035
0.5,16,0.000244140625,random,0.0006419841089513415,0.00043349348338111586,0.16333698008991468
0.5,32,3.0517578125e-05,even,0.0017956092099492816,0.00016801955342098595,0.5886049265024431
0.5,32,3.0517578125e-05,odd,0.0030196143848954886,0.00016801955342098595,0.9898367045785715
0.5,32,3.0517578125e-05,half_airy,0.0030505919325202395,0.00016801955342098595,0.999991217621756
0.5,32,3.0517578125e-05,random,0.0002394189840891934,0.00016801955342098595,0.07848210665899279
1.0,4,0.015625,even,0.009119006427530899,0.0056468159097111705,0.6633099603454705
1.0,4,0.015625,odd,0.013538672608189351,0.0056468159097111705,0.9847932954357991
1.0,4,0.015625,half_airy,0.013747728892678166,0.00564681590971117,0.999999899014408
1.0,4,0.015625,random,0.0071292715331249725,0.005646815909711166,0.5185780770646571
1.0,8,0.001953125,even,0.006699983196813836,0.0025961505773697637,0.5092742787662715
1.0,8,0.001953125,odd,0.013001398768085384,0.0025961505773697637,0.9882529233383917
1.0,8,0.001953125,half_airy,0.013155897959308206,0.002596150577369765,0.9999966041609628
1.0,8,0.001953125,random,0.004770372146599402,0.0025961505773697633,0.3626020786979632
1.0,16,0.000244140625,even,0.005117966867458086,0.001194237722368039,0.4225967247065157
1.0,16,0.000244140625,odd,0.011993380280251669,0.001194237722368039,0.990307939822859
1.0,16,0.000244140625,half_airy,0.012110735039477962,0.0011942377223680392,0.9999980644684655
1.0,16,0.000244140625,random,0.0015830196735820486,0.0011942377223680392,0.13071185228950294
1.0,32,3.0517578125e-05,even,0.004069226466692865,0.0005554186359300606,0.3704049573573731
1.0,32,3.0517578125e-05,odd,0.010891068864924665,0.0005554186359300606,0.9913692274215512
1.0,32,3.0517578125e-05,half_airy,0.01098587378891573,0.0005554186359300608,0.9999989299253582
1.0,32,3.0517578125e-05,random,0.0010477026677493029,0.0005554186359300606,0.09536806691574519
